date,sessions,totalusers,newusers,conversions,screen_page_views
2024-10-01,526813,451902,262936,180525,1632325
2024-10-02,549784,475551,280963,200033,1753865
2024-10-03,577944,490282,292045,213414,1835349
2024-10-04,591375,502963,298569,218039,1833111
2024-10-05,609892,517142,323402,258317,2078485
2024-10-06,582009,501486,312198,265795,1984412
2024-10-07,531776,466280,275475,214320,1732945
2024-10-08,541571,464790,272614,214364,1740954
2024-10-09,514424,437376,248487,194941,1650662
2024-10-10,515109,435633,251542,188633,1659261
2024-10-11,501438,437216,251561,189401,1698268
2024-10-12,552448,463131,281060,229592,1860815
2024-10-13,554595,467882,291089,255719,1961112
2024-10-14,571032,486055,298931,263561,1928275
2024-10-15,517492,444375,255969,208694,1669350
2024-10-16,538439,442425,254732,214012,1742992
2024-10-17,530059,452351,262020,198895,1714908
2024-10-18,541745,459709,268595,197392,1726855
2024-10-19,584110,497287,300288,254930,2010654
2024-10-20,573169,480032,293599,262191,1998204
2024-10-21,549026,451538,266381,203434,1696744
2024-10-22,556913,494074,306452,209575,1772797
2024-10-23,540478,459414,262808,206559,1795573
2024-10-24,561566,468389,264194,199714,1792230
2024-10-25,531499,458819,266186,187095,1712604
2024-10-26,579897,485587,296898,221183,1908297
2024-10-27,560032,490146,297825,235660,1953024
2024-10-28,532456,463624,277518,193752,1660414
2024-10-29,540001,462941,274306,197766,1706048
2024-10-30,480927,413718,233315,181047,1564842
2024-10-31,589060,519392,242006,169007,1748050
2024-11-01,639641,555331,259229,172792,1856461
2024-11-02,720216,604182,315305,238376,2302155
2024-11-03,702057,600492,309375,236469,2177468
2024-11-04,647869,566745,287543,231628,2005515
2024-11-05,601342,511962,274587,195360,1800916
2024-11-06,590627,516312,284213,195750,1822635
2024-11-07,588838,503972,274642,193515,1822054
2024-11-08,603618,528609,293384,200217,1912798
2024-11-09,645102,571080,322413,254721,2231256
2024-11-10,678871,578036,336173,277741,2383908
2024-11-11,606981,543262,307289,222081,1939952
2024-11-12,622278,532823,296362,220447,2093751
2024-11-13,620933,524596,290430,208002,1915844
2024-11-14,588279,504608,286348,206649,1892147
2024-11-15,617919,518318,297936,201502,1939675
2024-11-16,647862,548025,320025,252486,2244523
2024-11-17,657422,558626,328612,277154,2366888
2024-11-18,555793,487348,278242,208246,1802350
2024-11-19,566436,482174,269034,194123,1843270
2024-11-20,556159,468464,265353,191023,1789851
2024-11-21,558606,476797,271995,186947,1736422
2024-11-22,548801,467619,262789,178773,1682498
2024-11-23,614139,509375,302490,234699,2067959
2024-11-24,642602,521303,310141,258378,2171317
2024-11-25,556607,480611,269061,204406,1752107
2024-11-26,575465,483063,275917,215421,1845713
2024-11-27,581402,496450,275913,215511,1865388
2024-11-28,575681,503999,269940,231397,1983971
2024-11-29,582285,492966,270279,215600,1902567
2024-11-30,643741,517631,295174,251503,2163628
2024-12-01,672948,558417,317563,257893,2522407
2024-12-02,605877,509112,283232,208186,1947171
2024-12-03,610174,522625,288865,213471,1916807
2024-12-04,603985,524732,282501,216099,1952215
2024-12-05,616759,521371,284238,216464,1967208
2024-12-06,602017,517947,276525,208614,1913970
2024-12-07,682870,564092,312743,255786,2313101
2024-12-08,676729,568526,320031,276795,2366356
2024-12-09,619297,538418,296832,219827,1941562
2024-12-10,640667,553860,311788,200853,1916667
2024-12-11,652432,588007,329557,229988,2064823
2024-12-12,709401,611823,346181,229951,2136754
2024-12-13,677211,574960,324080,215748,2061507
2024-12-14,718184,605304,345283,263899,2313685
2024-12-15,727642,606609,349149,281495,2420161
2024-12-16,639739,553987,297260,215193,1918274
2024-12-17,644580,547991,287055,202772,1906864
2024-12-18,681163,574354,300023,207279,1993348
2024-12-19,698679,591237,311841,212072,2072449
2024-12-20,827344,695666,377100,312551,2646451
2024-12-21,838221,683226,365635,336370,2704045
2024-12-22,781841,663682,379768,317470,2651309
2024-12-23,658102,578599,327095,232101,2027981
2024-12-24,628825,544640,311113,215571,1901631
2024-12-25,585233,508724,272638,208367,1907784
2024-12-26,572465,480974,253624,218993,1904728
2024-12-27,517221,462985,244270,204250,1781151
2024-12-28,496657,423862,234803,209260,1673644
2024-12-29,491447,412080,232149,212949,1591738
2024-12-30,464609,402876,226494,198340,1506552
2024-12-31,461049,397941,222759,201858,1494498
2025-01-01,487013,411516,239906,201712,1556439
2025-01-02,534877,470157,270006,241908,1802749
2025-01-03,584013,493692,286812,266264,1959630
2025-01-04,593663,490289,270203,287120,2046731
2025-01-05,611090,501899,267181,296609,2107057
2025-01-06,624446,526835,281687,261093,2005667
2025-01-07,664091,561273,310376,265397,2088098
2025-01-08,636070,541925,289943,253814,2045616
2025-01-09,677495,582141,322584,248149,2112201
2025-01-10,682586,603544,332667,256066,2170795
2025-01-11,745590,638694,363612,325379,2585695
2025-01-12,783832,669353,380668,357113,2719303
2025-01-13,776420,662757,367591,339134,2542151
2025-01-14,691760,597191,329784,253880,2130683
2025-01-15,685656,600177,328384,254924,2185943
2025-01-16,738134,625635,340616,259303,2262335
2025-01-17,720440,611528,329973,256729,2264916
2025-01-18,772982,652591,363088,325975,2597042
2025-01-19,829308,684900,387083,353781,2763539
2025-01-20,701717,610060,336270,268904,2187509
2025-01-21,711823,621863,335922,247965,2113778
2025-01-22,798238,684451,380749,252963,2309255
2025-01-23,895361,763997,449784,253818,2501117
2025-01-24,783194,686774,382819,254365,2267162
2025-01-25,777546,672654,378037,316609,2567000
2025-01-26,797475,683775,374384,340354,2680043
2025-01-27,698918,600740,325512,273378,2134994
2025-01-28,718258,599832,328709,270784,2119151
2025-01-29,684824,597374,312242,264427,2155970
2025-01-30,679292,583218,297766,256268,2189192
2025-01-31,656280,579133,291170,241418,2108827
2025-02-01,695576,584420,304136,309041,2451602
2025-02-02,734822,599929,312502,356733,2701982
2025-02-03,630809,536730,270601,254366,2001226
2025-02-04,717322,601415,311263,283862,2223747
2025-02-05,761330,633952,318470,282026,2300871
2025-02-06,690648,602626,303933,272294,2226059
2025-02-07,776306,640221,318280,272244,2438700
2025-02-08,880902,733824,371951,346269,2967968
2025-02-09,895312,749780,375555,376968,3020778
2025-02-10,759579,646442,316395,283834,2353677
2025-02-11,750749,655209,341479,355239,2563835
2025-02-12,711181,620819,314027,278950,2248358
2025-02-13,719464,642008,329558,277703,2283209
2025-02-14,684037,598915,306536,251400,2163723
2025-02-15,748493,627559,337430,314815,2495328
2025-02-16,792287,684106,365524,359180,2744451
2025-02-17,728343,627113,332024,271610,2229387
2025-02-18,723951,639782,345234,268260,2174715
2025-02-19,754551,667771,355692,261349,2227845
2025-02-20,767598,656209,359152,235271,2174332
2025-02-21,729962,617898,322698,228833,2130689
2025-02-22,900185,748947,382523,293743,2772751
2025-02-23,805070,687589,373602,319239,2611706
2025-02-24,746852,644814,352295,314722,2434871
2025-02-25,675672,573313,296936,228981,1973606
2025-02-26,670362,568705,293180,233096,2028544
2025-02-27,713094,601084,308634,280310,2262048
2025-02-28,754629,642933,346183,254317,2183412
2025-03-01,774149,657564,368853,287196,2420331
2025-03-02,808518,688292,394276,322801,2551975
2025-03-03,808710,715212,420458,245848,2232242
2025-03-04,798380,703368,412206,236666,2185580
2025-03-05,842008,725173,419987,227606,2210670
2025-03-06,809953,710784,404106,230165,2213554
2025-03-07,765047,673863,375880,217945,2100585
2025-03-08,804806,720081,415548,281487,2466369
2025-03-09,831990,724061,419524,304298,2652904
2025-03-10,736377,652842,366220,225874,2059362
2025-03-11,759933,653028,376026,222335,2038762
2025-03-12,743813,630834,350536,220590,2046026
2025-03-13,908067,765768,420618,359845,2884418
2025-03-14,776135,674573,349688,312602,2489235
2025-03-15,753885,621225,324243,323268,2546235
2025-03-16,574136,468517,222435,342189,2369381
2025-03-17,457663,372577,172148,242558,1693752
2025-03-18,423632,348122,161042,218668,1595950
2025-03-19,448189,361761,167918,222710,1652958
2025-03-20,466829,388793,181755,263764,1844709
2025-03-21,464061,383652,172353,228431,1730019
2025-03-22,489511,400701,190562,270222,1940958
2025-03-23,507733,411166,198207,291722,2055136
2025-03-24,458073,372583,171267,225524,1698490
2025-03-25,433254,353053,164991,209283,1587065
2025-03-26,420828,345443,158863,203930,1542992
2025-03-27,456648,373110,171444,209554,1662844
2025-03-28,425386,344415,157737,192267,1528227
2025-03-29,462306,374860,185973,245749,1885638
2025-03-30,471140,382346,184669,260321,1899422
2025-03-31,407429,339999,154971,199600,1516675
2025-04-01,394775,321063,147424,182931,1431163
2025-04-02,460012,385954,187678,200795,1653543
2025-04-03,425482,356600,163129,188548,1555766
2025-04-04,409148,332010,153235,178045,1446873
2025-04-05,455612,367902,177210,227266,1721976
2025-04-06,489420,392350,193989,260435,1951995
2025-04-07,381878,327548,153989,196913,1448257
2025-04-08,386387,321436,157890,182978,1377214
2025-04-09,429855,353440,169923,184794,1472827
2025-04-10,438895,363457,175744,186951,1539418
2025-04-11,451169,375689,185967,191106,1571365
2025-04-12,525145,434955,228385,248124,2004787
2025-04-13,566415,466479,243334,289791,2168675
2025-04-14,466276,386350,199468,208866,1599150
2025-04-15,452969,371328,191795,195931,1504020
2025-04-16,478833,395437,204648,194465,1576441
2025-04-17,476415,399473,210266,187348,1570377
2025-04-18,494194,409786,221066,185382,1603953
2025-04-19,531709,436035,239325,221808,1832397
2025-04-20,561174,467902,258474,251259,2008661
2025-04-21,478142,411841,217900,189132,1545865
2025-04-22,496272,427469,231844,192254,1593622
2025-04-23,496570,424557,226333,199145,1641285
2025-04-24,501051,412479,215709,194553,1641026
2025-04-25,537320,449513,240437,194679,1694614
2025-04-26,586788,482164,267352,245789,2054393
2025-04-27,620662,524679,297601,268449,2215956
2025-04-28,515643,447002,245987,227477,1723493
2025-04-29,541974,447104,249375,256405,1837712
2025-04-30,502951,429196,236905,204267,1622559
2025-05-01,538763,461677,266875,202334,1696699
2025-05-02,573219,481918,276288,208676,1736623
2025-05-03,555140,477515,283987,206951,1641079
2025-05-04,528526,467677,280501,221215,1649291
2025-05-05,530674,465361,280896,225343,1670680
2025-05-06,592717,522741,305057,275220,1932957
2025-05-07,591645,517666,291157,222954,1807661
2025-05-08,653307,553496,307920,228624,1902345
2025-05-09,712097,585657,315780,255356,2219110
2025-05-10,726054,611831,343284,317131,2463659
2025-05-11,715173,604689,338402,310064,2401425
2025-05-12,663869,561774,311960,239598,1970811
2025-05-13,615649,546573,301782,224851,1875376
2025-05-14,641942,548110,302385,220418,1913669
2025-05-15,623432,537726,296903,218202,1891581
2025-05-16,641078,542313,298321,226662,1950679
2025-05-17,704260,579998,329019,296346,2353037
2025-05-18,689262,566388,317748,292799,2243921
2025-05-19,639931,554124,306398,240484,1932490
2025-05-20,634755,559553,310213,223955,1907762
2025-05-21,1151341,976853,599599,255642,2832369
2025-05-22,781157,690175,370985,232856,2199111
2025-05-23,929450,739794,376557,466501,3298730
2025-05-24,932035,753675,398632,529391,3363621
2025-05-25,874470,702920,375794,442571,2989024
2025-05-26,696261,608934,313202,319090,2322221
2025-05-27,756447,621950,333190,312821,2346929
2025-05-28,724584,607066,317451,296494,2232535
2025-05-29,709729,595016,314771,281835,2178938
2025-05-30,693363,589708,308601,278509,2204479
2025-05-31,746369,635678,339294,334351,2556468
2025-06-01,729762,612020,329976,318680,2390091
2025-06-02,634441,544304,286414,246676,1943627
2025-06-03,655505,570539,300572,254251,2037273
2025-06-04,640339,548829,280078,242115,1986437
2025-06-05,634108,549490,268123,231120,1988492
2025-06-06,683022,554376,266843,230573,2016955
2025-06-07,729452,604247,290894,289176,2308618
2025-06-08,740722,608912,299073,307880,2478704
2025-06-09,639270,540544,267464,243491,1966609
2025-06-10,621974,515349,262776,235180,1858773
2025-06-11,710483,593652,303400,302687,2310907
2025-06-12,632567,553128,277720,268664,2046823
2025-06-13,645773,548882,279980,238579,1927951
2025-06-14,671196,568093,291818,314168,2342044
2025-06-15,690067,550051,286989,307864,2238052
2025-06-16,570621,492426,249082,240725,1821211
2025-06-17,562137,479476,243942,226123,1768716
2025-06-18,562204,481763,238312,219160,1763196
2025-06-19,571072,477945,234737,219056,1769017
2025-06-20,545919,462870,224394,208181,1735530
2025-06-21,605077,505856,264388,267334,2039884
2025-06-22,630987,520271,275983,297323,2196088
2025-06-23,567203,471813,235228,224302,1739657
2025-06-24,548545,463321,230653,236295,1780600
2025-06-25,542954,461832,229396,224698,1753118
2025-06-26,565357,472558,236603,21853,1737347
2025-06-27,557340,458695,224926,14654,1662698
2025-06-28,610938,487495,247251,21480,1932440
2025-06-29,605272,509667,260396,22585,2032751
2025-06-30,525913,462217,234520,12906,1629024
2025-07-01,600665,499240,252844,13770,1780913
2025-07-02,609058,506136,247093,15004,1857369
2025-07-03,558067,482672,234602,15018,1738734
2025-07-04,558353,468105,229415,14021,1689511
2025-07-05,608790,517465,263884,21577,1986644
2025-07-06,659221,522751,276942,22755,2162536
2025-07-07,544211,452050,232334,13714,1626944
2025-07-08,527741,433664,220001,12784,1548484
2025-07-09,528979,445052,228035,14072,1596647
2025-07-10,604517,520092,272101,13431,1794704
2025-07-11,580172,493225,253264,28162,1735797
2025-07-12,625820,501117,267559,71636,1989492
2025-07-13,635876,512763,272613,73810,2027814
2025-07-14,539153,452056,234726,65818,1620677
2025-07-15,540785,457271,242124,73763,1639658
2025-07-16,617424,528919,279798,69606,1840236
2025-07-17,690314,588454,321867,66443,1959929
2025-07-18,537025,463504,234681,62860,1610958
2025-07-19,581422,484713,258230,80513,1831422
2025-07-20,584540,486873,258712,83146,1845343
2025-07-21,538474,457506,244984,85971,1714917
2025-07-22,495100,433270,225487,66953,1493554
2025-07-23,542378,467238,233961,66532,1582540
2025-07-24,553749,475192,237685,68889,1667934
2025-07-25,523925,444094,228717,65832,1608532
2025-07-26,579699,484240,251889,84802,1920484
2025-07-27,614148,508640,265399,94389,2073595
2025-07-28,541697,454303,232225,70433,1645428
2025-07-29,538133,458691,235935,73026,1695694
2025-07-30,555437,454136,227710,70396,1693006
2025-07-31,549493,456600,233213,68504,1683127
2025-08-01,569238,455675,222946,68408,1788351
2025-08-02,615089,504945,256551,89640,2094573
2025-08-03,631656,525804,270431,96705,2219404
2025-08-04,523452,437861,218797,73285,1685760
2025-08-05,596897,493360,241033,84138,1985326
2025-08-06,593756,484879,236754,82884,1897296
2025-08-07,582435,473146,241778,77906,1803944
2025-08-08,556530,457618,230420,74387,1772144
2025-08-09,577884,478098,246000,89018,1938973
2025-08-10,591744,485074,256317,98342,2024808
2025-08-11,524568,455528,244299,95372,1845434
2025-08-12,492437,419970,228812,81483,1624145
2025-08-13,484497,413256,224787,78080,1551597
2025-08-14,479848,412036,222691,81649,1582399
2025-08-15,480732,406656,219497,82105,1558735
2025-08-16,516806,434806,231927,89738,1680045
2025-08-17,535827,447462,243185,98212,1805260
2025-08-18,510592,431453,219439,77461,1586020
2025-08-19,521715,438951,218413,81218,1660003
2025-08-20,513701,439592,217701,79637,1682487
2025-08-21,528095,441439,221908,78505,1693474
2025-08-22,537694,448786,225958,78292,1716294
2025-08-23,566832,482671,248417,97997,1981979
2025-08-24,608837,493514,260592,107727,2109213
2025-08-25,518127,435046,216425,78247,1644932
2025-08-26,526945,442314,221762,83659,1695308
2025-08-27,522168,436668,215176,82134,1710141
2025-08-28,522884,425319,208275,78310,1661393
2025-08-29,519792,426369,204355,77323,1681149
2025-08-30,614012,475351,237651,100014,2037370
2025-08-31,607560,485110,245985,105515,2147291
2025-09-01,665430,526327,255499,107132,2485024
2025-09-02,682957,550883,265083,117384,2484449
2025-09-03,653599,532765,253218,115981,2315737
2025-09-04,653225,531596,253073,106400,2208658
2025-09-05,580947,477479,232528,99998,2042106
2025-09-06,638491,513027,253949,125141,2313385
2025-09-07,645083,518475,259142,129101,2361435
2025-09-08,535718,439000,211951,90353,1772126
2025-09-09,511112,428095,205688,86977,1699263
2025-09-10,529208,427801,212335,82637,1695864
2025-09-11,519592,423332,207975,82778,1714753
2025-09-12,520328,420411,205564,85105,1736057
2025-09-13,584459,469812,235542,110286,2041052
2025-09-14,583632,474352,241336,115030,2138274
2025-09-15,528937,441775,223435,104955,1864966
2025-09-16,496710,402914,197926,79694,1614697
2025-09-17,509807,411382,199547,79866,1668532
2025-09-18,546529,445431,225757,95749,1760251
2025-09-19,494514,405460,197799,86414,1609166
2025-09-20,557303,438829,222622,108014,1952603
2025-09-21,550166,442869,226824,111158,1972972
2025-09-22,488173,401575,200103,86772,1613932
2025-09-23,500518,415706,206786,105246,1740539
2025-09-24,483420,403092,195676,82298,1578475
2025-09-25,462453,392401,188439,76843,1562651
2025-09-26,461391,370113,182511,71973,1465278
2025-09-27,521873,424365,214692,95440,1811799
2025-09-28,548104,435016,219080,105919,1935962
2025-09-29,456086,374921,180507,73727,1496350
2025-09-30,539654,430106,235101,71423,1721922
2025-10-01,507175,410178,210243,68318,1627344
2025-10-02,475967,394278,195002,68629,1513742
2025-10-03,504886,400973,196955,71101,1556885
2025-10-04,547280,443620,221848,93365,1857449
2025-10-05,552882,438423,225922,94881,1851548
2025-10-06,437538,374110,184672,67765,1402140
2025-10-07,453070,372985,188311,66855,1439628
2025-10-08,460990,384254,188904,68418,1453837
2025-10-09,553520,458801,239082,77609,1707155
2025-10-10,621324,502722,287377,74559,1733717
2025-10-11,660113,552735,316049,95586,2030696
2025-10-12,690243,566951,326648,104034,2077357
2025-10-13,702049,592672,345251,102366,2129774
2025-10-14,622840,523522,295234,75218,1739453
2025-10-15,593956,503204,276291,73504,1696887
2025-10-16,639744,539212,267246,75108,1829466
2025-10-17,679636,548510,258601,69220,1789115
2025-10-18,702683,573854,273634,89137,2053137
2025-10-19,757976,607467,286284,99225,2289157
2025-10-20,551682,465810,245900,69399,1586498
2025-10-21,644793,528621,296838,73860,1776059
2025-10-22,631033,531666,271231,70721,1753748
2025-10-23,634356,531499,274696,68529,1810333
2025-10-24,657494,557183,255431,68658,1881815
2025-10-25,745013,602226,278167,87005,2205226
2025-10-26,829181,662020,289875,96157,2443268
2025-10-27,717966,590271,257362,69657,1969554
2025-10-28,619095,517280,231325,62480,1707733
2025-10-29,610706,519891,247296,61376,1760464
2025-10-30,713172,591843,290014,61904,2010855
2025-10-31,701306,578223,273351,62945,1932185
2025-11-01,617368,510942,251202,75460,1960925
2025-11-02,575035,474423,239234,77614,1844493
2025-11-03,543368,462738,226764,78615,1750995
2025-11-04,561772,472676,227506,77744,1613725
2025-11-05,575507,479214,239774,79543,1668982
2025-11-06,567771,475349,230670,75597,1686009
2025-11-07,564773,462200,228512,72625,1681855
2025-11-08,589407,483471,249112,97997,1946966
2025-11-09,619272,520103,265757,111997,2120675
2025-11-10,580597,485256,251706,78694,1752769
2025-11-11,539819,460330,233261,75141,1618938
2025-11-12,595325,492397,243581,78668,1750878
2025-11-13,567729,482329,241442,77671,1752438
2025-11-14,560455,462926,235381,73776,1664861
2025-11-15,587104,484566,253742,96039,1894571
2025-11-16,600753,503618,261608,99716,2040094
2025-11-17,513917,433609,219409,75356,1589098
2025-11-18,501337,426931,215374,72355,1554490
2025-11-19,520511,423592,213356,72293,1600028
2025-11-20,534356,461147,236792,70297,1616762
2025-11-21,512203,420068,207313,66446,1560058
2025-11-22,531968,431510,219187,81860,1721598
2025-11-23,541857,438066,228532,91299,1793944
2025-11-24,500774,413172,213970,87352,1642569
2025-11-25,485075,416801,205900,67508,1521366
2025-11-26,487017,408740,201813,66867,1515432
2025-11-27,465010,392799,190822,66012,1504615
2025-11-28,467642,389667,187558,63749,1481937
2025-11-29,533606,427269,211988,82245,1777350
2025-11-30,551398,443419,222295,88971,1893025
2025-12-01,511923,429981,218156,65784,1602230
2025-12-02,519704,437917,226970,68056,1579042
2025-12-03,552315,449514,230625,72254,1681121
2025-12-04,574864,468534,232631,66705,1754548
2025-12-05,583761,485209,242907,65554,1808103
2025-12-06,581016,489931,258632,84837,1926411
2025-12-07,610475,509326,273973,93443,1997816
2025-12-08,530493,444577,227271,70994,1629907
2025-12-09,497133,430839,221340,70827,1529259
2025-12-10,495037,425800,218710,65746,1544477
2025-12-11,547683,465031,226983,65796,1682009
2025-12-12,544340,438533,221410,65330,1630697
2025-12-13,628258,492429,250690,84729,1939939
2025-12-14,602409,486073,253818,95310,1993513
2025-12-15,487552,404981,206575,66851,1493860
2025-12-16,489459,413067,209025,66475,1485751
2025-12-17,1077899,840334,354053,184944,3399502
2025-12-18,953121,795779,292164,147937,2872593
2025-12-19,744743,623268,249849,105599,2257105
2025-12-20,801095,649869,279387,127511,2597396
2025-12-21,759582,609130,274706,129177,2564717
2025-12-22,648834,523689,241448,87399,1892548
2025-12-23,605385,501869,230652,81507,1809022
2025-12-24,583594,498716,231146,80241,1807808
2025-12-25,557452,450706,205512,75590,1708086
2025-12-26,519647,429739,188580,67604,1653363
2025-12-27,522955,437248,198013,78088,1765651
2025-12-28,485823,406803,189647,79183,1590037
2025-12-29,428851,370776,179974,70238,1424265
2025-12-30,414083,350732,170769,67981,1325761
2025-12-31,378618,331154,159500,69449,1281018
2026-01-01,436074,375816,202984,69641,1394656
2026-01-02,521934,449896,255041,85430,1687619
2026-01-03,558696,470511,251365,92422,1752219
2026-01-04,545992,452725,228230,101152,1769078
2026-01-05,531055,456957,232653,86984,1692544
2026-01-06,583084,495809,248332,92146,1856807
2026-01-07,627393,515567,250478,90256,1956246
2026-01-08,600572,508947,253102,88451,1897094
2026-01-09,591881,489075,244169,88853,1853860
2026-01-10,640558,522977,268762,116137,2178810
2026-01-11,685875,553609,283371,133899,2344746
2026-01-12,608778,503231,257193,123589,2110150
2026-01-13,661031,558190,264613,94136,2308457
2026-01-14,643795,535810,258867,90824,2109086
2026-01-15,614292,484397,235110,90041,1892948
2026-01-16,555625,462696,222739,86469,1819340
2026-01-17,637746,504080,253124,117860,2187002
2026-01-18,637259,530243,261771,126614,2263362
2026-01-19,550521,451163,221329,88499,1728638
2026-01-20,534839,438955,218645,85743,1696514
2026-01-21,571422,478628,225809,85977,1807104
2026-01-22,539057,456326,223228,85698,1764769
2026-01-23,554208,451679,212369,82379,1730942
2026-01-24,618481,495480,238438,111580,2160484
2026-01-25,622354,488172,241284,123077,2155023
2026-01-26,536309,437250,208995,88536,1698734
2026-01-27,487514,416342,199722,86310,1646658
2026-01-28,563718,461944,223510,88667,1810026
2026-01-29,553343,459316,219420,88357,1814526
2026-01-30,528226,422319,197165,84941,1739210
2026-01-31,592730,466769,224047,112962,2098895
2026-02-01,657658,523435,260892,123073,2309408
2026-02-02,566364,475723,234716,91447,1816897
2026-02-03,664960,541037,246490,90572,1966633
2026-02-04,617726,521731,246718,91173,1925894
2026-02-05,576288,491115,241802,88723,1887271
2026-02-06,589731,489542,243500,87344,1858627
2026-02-07,679211,538931,273933,118139,2286651
2026-02-08,662241,545047,268927,120580,2286919
2026-02-09,536161,448615,219714,81251,1704007
2026-02-10,528896,433088,218491,81269,1629842
2026-02-11,625437,505542,258106,116257,2138279
2026-02-12,606625,480455,224531,86117,1810336
2026-02-13,633969,515535,275139,83288,1824533
2026-02-14,727266,588581,327080,112236,2237020
2026-02-15,766740,619774,344040,119097,2348668
2026-02-16,639268,535779,305988,87688,1810733
2026-02-17,614789,514520,289334,81320,1735058
2026-02-18,668040,576372,326627,84855,1899985
2026-02-19,822129,681550,400969,102600,2236915
2026-02-20,784674,670496,369210,108819,2349960
2026-02-21,823163,667744,366460,131880,2564539
2026-02-22,798116,676422,373262,131011,2499769
2026-02-23,753239,645657,354811,125520,2305102
2026-02-24,771952,634580,338784,92442,2022179
2026-02-25,764944,648484,345646,101542,2193853
2026-02-26,675019,548454,279191,89334,1976511
2026-02-27,628915,539386,267914,84924,1933602
2026-02-28,688632,566920,290065,105108,2163877
2026-03-01,676068,553707,287783,107049,2144824
2026-03-02,655811,579269,314184,85291,1857430
2026-03-03,684844,600092,331446,84044,1860203
2026-03-04,674958,568200,305367,80891,1810142
2026-03-05,671493,570406,305023,76849,1866801
2026-03-06,640055,539937,279109,75403,1771602
2026-03-07,690109,586634,313020,99728,2103449
2026-03-08,720781,597969,321586,105829,2198241
2026-03-09,643299,536161,277867,77484,1775818
2026-03-10,710438,602283,333590,80210,1869658
2026-03-11,681029,562098,302996,78405,1839041
2026-03-12,642561,549726,275158,75400,1798530
2026-03-13,546359,454965,222262,83298,1707473
2026-03-14,547800,450404,221827,99728,1926004
2026-03-15,543879,441574,218659,98726,1886592
2026-03-16,482565,399826,192655,77945,1551312
2026-03-17,441497,370234,174106,75276,1470880
2026-03-18,455323,370248,171046,74057,1505949
2026-03-19,445859,363388,162657,70951,1464271
2026-03-20,487596,388209,185426,86624,1683227
2026-03-21,479233,393629,188968,90637,1720257
2026-03-22,513633,420198,200466,98933,1894577
2026-03-23,470912,387804,169516,71624,1490711
2026-03-24,415767,348536,158487,68434,1395112
2026-03-25,433203,349163,161424,68090,1429712
2026-03-26,458238,375098,171203,71210,1497180
2026-03-27,440723,359203,163944,66176,1423492
2026-03-28,489212,397872,189887,86364,1793870
2026-03-29,506199,413598,201436,90764,1815923
2026-03-30,414126,342987,158933,70862,1406426
2026-03-31,413388,334999,152509,69452,1403520
2026-04-01,410954,334620,146466,63819,1354902
2026-04-02,502327,413366,200931,66246,1633669
2026-04-03,494621,409538,185257,68891,1701193
2026-04-04,542613,430864,200704,98285,1987286
2026-04-05,520041,411968,193497,94747,1897923
2026-04-06,427905,353548,160083,69477,1442903
2026-04-07,440921,356555,157193,68547,1504904
2026-04-08,412849,341137,151410,64213,1386297
2026-04-09,434244,356976,159898,67359,1489480
2026-04-10,637061,483431,221140,70522,2250614
2026-04-11,646193,490488,222261,85741,2312303
2026-04-12,608433,479312,217236,92000,2245621
2026-04-13,506695,423041,175317,66441,1672469
2026-04-14,532193,416374,166563,64738,1624734
2026-04-15,593651,475018,191027,66048,1777119
2026-04-16,553512,442075,187554,64169,1651838
2026-04-17,513367,407576,191401,70353,1636676
2026-04-18,582002,454652,214654,99474,1989242
2026-04-19,593603,474793,230242,107193,2185064
2026-04-20,460777,391922,183795,74387,1534454
2026-04-21,466102,384238,183071,74976,1513602
2026-04-22,479709,388719,183143,72423,1586982
2026-04-23,467685,388030,180776,72537,1579374
2026-04-24,472203,385798,180234,67203,1510247
2026-04-25,559563,437530,212364,88645,1941171
2026-04-26,577522,455887,224470,97713,2026829
2026-04-27,484931,396098,191843,71402,1558808
2026-04-28,440101,360029,170649,65168,1409498
2026-04-29,476449,385581,186139,82146,1617264
2026-04-30,439670,354900,171329,65710,1424514
2026-05-01,423516,348575,171875,65316,1456907
2026-05-02,404390,338150,166562,67283,1346875
2026-05-03,409383,339505,181242,73428,1385319
2026-05-04,403222,334775,170173,75608,1387122
2026-05-05,386314,325006,166525,75429,1347751
2026-05-06,431414,360967,180325,90237,1566124
2026-05-07,479349,388769,183573,75381,1584958
2026-05-08,502732,404151,190703,78175,1610708
2026-05-09,555078,435015,206014,99792,1893524
2026-05-10,536676,429485,203282,97560,1920129
2026-05-11,448391,375552,176577,73222,1523184
2026-05-12,516160,425267,209501,79642,1791924
2026-05-13,560583,447125,211794,81653,1871596
2026-05-14,865187,660225,333066,175832,3208747
2026-05-15,753307,599954,290850,132905,2628903
2026-05-16,707515,551541,268873,133363,2568249
2026-05-17,703864,545622,260880,129808,2537180
2026-05-18,552821,454561,222892,90863,1903942
2026-05-19,535853,447811,218801,86015,1809015
2026-05-20,524803,424730,198206,84235,1782076
2026-05-21,547329,449670,214844,87000,1926722
2026-05-22,554135,446721,204072,86146,1882279
2026-05-23,631604,488816,234249,108649,2311087
2026-05-24,659220,520934,245766,118842,2490735
2026-05-25,498387,415738,192864,79038,1720423
2026-05-26,458865,389737,182674,75926,1621223
2026-05-27,584625,476560,235643,84177,2125795
2026-05-28,573581,471271,235781,83634,2207230
2026-05-29,433032,351311,158768,65970,1623738
2026-05-30,446658,355193,165139,75196,1845558
2026-05-31,430936,347394,158032,76476,1765872
2026-06-01,374083,303554,137009,55450,1335911
2026-06-02,349789,286291,129098,58692,1275836
2026-06-03,450201,356632,162349,87131,1740804
2026-06-04,400481,331762,145877,71673,1449715
2026-06-05,384744,320287,143911,63930,1388535
2026-06-06,432570,354579,168221,81071,1679494
2026-06-07,469352,364521,174267,89791,1807298
2026-06-08,331496,270967,116445,62512,1168514
2026-06-09,308101,254483,104894,59291,1083891
2026-06-10,333021,267124,112594,56445,1117963
2026-06-11,338159,268900,119566,54143,1165646
2026-06-12,333588,271524,117907,53441,1114298
2026-06-13,398014,315087,145573,68707,1460223
2026-06-14,413203,324631,151940,73736,1533358
2026-06-15,308739,255599,115469,50046,995872
2026-06-16,301268,251168,112171,47977,958866
2026-06-17,334778,271855,118567,51658,1074653
2026-06-18,350229,285497,129558,53117,1149153
2026-06-19,337148,278553,113898,44061,985537
2026-06-20,405224,326347,147825,70756,1459628
2026-06-21,414148,322307,147224,70638,1526922
2026-06-22,338546,277591,128956,52042,1122647
2026-06-23,331150,271804,121184,49468,1065269
2026-06-24,368496,296650,124431,50513,1144842
2026-06-25,353646,292264,129820,49966,1126580
2026-06-26,324039,264890,112392,47612,1056970
2026-06-27,402974,314137,139335,70932,1508023
2026-06-28,419277,324738,142453,72362,1540667
2026-06-29,303415,257461,107562,45822,994610
2026-06-30,282214,229525,99640,38355,866043
2026-07-01,415162,333874,145810,57785,1393992
2026-07-02,394879,316462,134782,54491,1263218
2026-07-03,359314,294772,121684,49000,1193849
2026-07-04,409246,322577,143460,65540,1465434
2026-07-05,426668,340446,150766,71919,1570070
2026-07-06,336129,274785,118463,53469,1099103
2026-07-07,306747,257421,109625,49905,980661
2026-07-08,335928,274060,113600,48180,1066188
2026-07-09,342336,274361,114788,49682,1105626
2026-07-10,340733,272903,114709,47445,1089282
2026-07-11,395653,307944,136800,60882,1397505
2026-07-12,415798,326366,143943,68574,1512478
2026-07-13,336356,273078,120316,51382,1098016
2026-07-14,329236,260406,114278,47886,1026791
2026-07-15,344474,278168,117164,46244,1105346
2026-07-16,338095,273243,117204,45797,1101520
2026-07-17,334074,271268,116375,45306,1084473
2026-07-18,398745,302899,136148,60130,1349485
2026-07-19,409253,320500,146069,68549,1507088
2026-07-20,357080,286604,125891,60034,1195623
2026-07-21,314551,261794,113348,49167,1001261
2026-07-22,366511,289442,116876,48774,1132774
2026-07-23,356926,288287,116552,46865,1115185
2026-07-24,335402,270615,115146,45917,1075765
2026-07-25,420440,324071,143340,63719,1509001
2026-07-26,411293,323757,146400,69308,1532517
2026-07-27,336563,271683,118334,49718,1076345
2026-07-28,296136,244931,102932,46810,964415
2026-07-29,307721,249185,105828,46071,1005990
2026-07-30,327969,262900,109778,47031,1044680
2026-07-31,336396,270935,115029,47920,1128463
2026-08-01,390692,309510,136757,57984,1408782
2026-08-02,418714,331843,146446,66077,1521836
2026-08-03,390661,298147,128963,58165,1255501
2026-08-04,371067,293607,127277,54872,1138775
2026-08-05,345173,282611,120360,51136,1108701
2026-08-06,358328,280869,121120,53129,1184316
2026-08-07,347910,279419,119719,49857,1137740
2026-08-08,387981,306222,139416,61745,1400049
2026-08-09,389902,315169,146982,65150,1445211
2026-08-10,319744,260232,122588,50207,1039650
2026-08-11,316761,255739,122553,57163,1039072
2026-08-12,305131,252998,123290,54203,994198
2026-08-13,295473,251159,126879,52237,951924
2026-08-14,286956,248597,125498,51428,932953
2026-08-15,300852,242778,118837,54788,961048
2026-08-16,304939,249554,121710,60742,1017548
2026-08-17,332354,270550,126563,52681,1022474
2026-08-18,324805,271145,125173,52126,1008124
2026-08-19,349113,290384,130721,54104,1119673
2026-08-20,384277,309700,134621,51343,1161907
2026-08-21,367826,310907,135047,52164,1150618
2026-08-22,406291,325784,146315,66138,1375430
2026-08-23,427459,336106,152296,72971,1528203
2026-08-24,346355,285166,126622,53932,1085850
2026-08-25,611380,540115,120391,52296,1769898
2026-08-26,552159,476751,120630,52544,1622551
2026-08-27,460865,379308,118586,52363,1388296
2026-08-28,439233,370117,112980,51238,1342274
2026-08-29,514725,425104,137819,69138,1746196
2026-08-30,509713,411065,141418,73618,1729551
2026-08-31,395965,326829,116563,52216,1236245
2026-09-01,374035,302980,104265,48433,1158269
2026-09-02,404000,321727,112710,53669,1261888
2026-09-03,474098,396365,129443,60339,1510020
2026-09-04,454576,367338,126642,58772,1446086
2026-09-05,454090,355788,132662,72322,1565177
2026-09-06,461475,365609,138676,77456,1658150
2026-09-07,341934,279302,106645,54933,1104872
2026-09-08,333594,268644,101371,51924,1033694
2026-09-09,340664,269585,101219,50030,1073581
2026-09-10,364150,302319,115163,49135,1195433
2026-09-11,373096,292839,113689,50011,1172413
2026-09-12,427111,328200,131878,64064,1457885
2026-09-13,449703,360028,147964,71635,1571675
2026-09-14,341617,276310,106646,49788,1058972
2026-09-15,339707,282750,116312,47895,1028573
2026-09-16,428799,341886,150226,62083,1347713
2026-09-17,392312,322134,134327,55175,1226074
2026-09-18,371878,299404,123126,50804,1151506
2026-09-19,433421,334900,140147,60939,1417787
2026-09-20,440550,348761,145581,69404,1556548
2026-09-21,382425,299192,128012,64408,1242255
2026-09-22,356619,293190,122603,59066,1172925
2026-09-23,387159,305637,126131,64897,1278924
2026-09-24,359809,291194,121409,47850,1084410
2026-09-25,346247,280538,115564,47521,1065871
2026-09-26,432247,342145,143635,69584,1515568
2026-09-27,430940,338674,143125,70960,1504482
2026-09-28,344957,276423,119225,48705,1032931
2026-09-29,411142,329538,115968,45112,1139009
2026-09-30,507915,394792,117010,41859,1312831
2026-10-01,456968,356194,110415,40479,1223469
2026-10-02,388718,319000,128919,43788,1300144
2026-10-03,435916,348712,140747,59971,1463407
2026-10-04,431970,335593,137234,63797,1479051
2026-10-05,317198,258615,104827,44508,988478
2026-10-06,313635,252522,99975,43034,953010
2026-10-07,319456,250551,101401,42207,986630
2026-10-08,330274,271051,103995,42846,1067287
2026-10-09,380264,312181,127362,41610,1158724
