year_month,sessions,totalusers,newusers,conversions,screen_page_views,partial_until
202410,16624087,10883083,8563964,6627560,55523425,
202411,18487561,11792939,8700194,6570917,59314987,
202412,19943300,12241929,9312195,7200465,63436841,
202501,21630214,13284388,10255528,8545603,69280588,
202502,20913379,12835147,9265793,8064655,66389420,
202503,19075035,12087610,8634504,7845018,63302464,
202504,14550462,8728340,6292382,6335886,50609383,
202505,21536766,13155167,10112952,8607244,67685280,
202506,18697264,11272310,7921931,6487779,59202633,
202507,18240349,10786111,7698030,1647630,54662623,
202508,16982740,9969056,7198282,2647391,55865248,
202509,16556565,9243303,6609688,2889794,56378278,
202510,19404492,11243245,7995040,2387589,56616225,
202511,16083829,9913072,6853561,2379507,51521446,
202512,18683477,10635655,7165116,2621139,57227555,
202601,17952372,10461686,7325865,2987630,58925547,
202602,18994839,11036609,8192340,2817609,57723068,
202603,17532193,10073325,7112540,2545734,53362227,
202604,15384233,8228452,5640647,2280573,51446980,
202605,16620920,9056127,6439546,2806801,58644895,
202606,10736586,6095422,3920136,1801338,37897768,
202607,11139125,6066824,3845438,1663500,37192144,
202608,11950263,6802752,3994140,1757755,38824594,
202609,11880367,6489541,3731374,1718773,38345522,
202610,3522182,2194163,1054875,422240,10620200,2026-10-09
